threads,batch_size,device,dtype,num_data_centers,num_data_centers_other,num_client_data_centers,percent_data_centers_A,percent_data_centers_B,percent_change_A,percent_change_B,elapsed_time,time_per_simulation,results
40,100,cuda,torch.float16,300,300,300,0.3,0.3,2.0,0.1,0.018391168594360352,0.018391168594360352,"[[1.025390625, 1.029296875, 1.0341796875]]"
40,1000,cuda,torch.float16,300,300,300,0.3,0.3,2.0,0.1,0.15453958129882814,0.15453958129882814,"[[1.0244140625, 1.0302734375, 1.0361328125]]"
40,10000,cuda,torch.float16,300,300,300,0.3,0.3,2.0,0.1,1.46735107421875,1.46735107421875,"[[1.0244140625, 1.0302734375, 1.0361328125]]"
40,100000,cuda,torch.float16,300,300,300,0.3,0.3,2.0,0.1,14.6735107421875,14.6735107421875,"[[1.0244140625, 1.0302734375, 1.0361328125]]"
